Name;dL;WL;dR;WR
AC APX;42.5;36;42.5;36
AC APX;48;35;48;20
American Classic;42;38.5;42;18.5
American Classic;42;41;42;16
American Classic;42;36.5;42;20.5
American Classic;42;39;42;18
American Classic;42;34;42;23
American Classic;42;36.5;42;20.5
American Classic HD-140 disc;56.5;23;56.5;36
American Classic HD-240 Ultra-Light, 135mm Disk;66.2;29;66.2;19
American Classic HH-120 suspension;47;36;47;36
American Classic Micro, newer wider version;30;33.5;30;33.5
American Classic Speedster, older narrow version;30;25;30;25
American Classic Suspension small flange;47;36;47;36
American Classic track;42;34.5;42;34.5
American Classic track;42;30.5;42;30.5
American Classic Ultra-Light, 130mm;66.2;31;66.2;17
American Classic Ultra-Light, 135mm;66.2;29;66.2;19
American Classic Ultra-Light, CHECK DIAMETER!;42;29;42;19
Ariel;45;35;45;20
Bees;45;32;45;19
BikeE 16 hole disc hub;62.2;20.2;45.3;38.2
Bontrager ATB PN 200128 Superstock ;38;34.1;38;34.1
Bontrager ATB PN 200129 Superstock ;45;33.3;45;20.3
Bontrager ATB PN 200171 Race by Formula (semi-sealed bearings);38;34.95;38;35
Bontrager ATB PN 210240 Race ;45;38.7;45;20.3
Bontrager ATB PN 210248 Race Mod Disc by DT Swiss (Onyx);58;23.25;45;35.25
Bontrager ATB PN 210249 Race Mod Disc by DT Swiss (Onyx);58;33.75;58;20.35
Bontrager ATB PN 220028 Select Disc ;58;22.4;58;32.5
Bontrager ATB PN 220029 Select Disc ;58;34.4;58;20.4
Bontrager ATB PN 220196 Race by Formula (sealed bearings);42;32.75;42;32.75
Bontrager ATB PN 220197 Race by Formula (sealed bearings);45;38.45;58;20.25
Bontrager ATB PN 220200 Race Disc by Formula;58;16.7;45;27.2
Bontrager ATB PN 220201 Race Disc by Formula;58;33.85;58;20.25
Bontrager ATB PN 220628 Select ;38;34.05;38;34.05
Bontrager ATB PN 220629 Select ;45;33.25;45;20.25
Bontrager ATB PN 220864 Race Lite by DT;44;39;53;20.5
Bontrager ATB PN 220864 Race Lite by DT, 130mm;44;36.5;53;23
Bontrager ATB PN 220865 Race Modified by DT Swiss (Onyx);45;38.5;58;20.2
Bontrager ATB PN 220866 Race Lite by DT;40.5;37.4;40.5;37.4
Bontrager ATB PN 220867 Race Modified by DT Swiss (Onyx) ;38;35;38;35
Bontrager ATB PN 230044 sealed bearings;38;35;38;35
Bontrager ATB PN 230515 sealed bearings disc;45;36.25;58;22.25
Bontrager ATB PN 230516 sealed bearings disc;58;33.85;58;20.25
Bontrager ATB PN 240141 Disc, Team;58;22.4;46;35.35
Bontrager ATB PN 240175 Disc, Team;58;34;46;19.45
Bontrager ATB PN 242146 Race X Lite centerlock;47;22.75;40;33.41
Bontrager ATB PN 242147 Race X Lite centerlock;47;28.95;47;24.65
Bontrager ATB PN 990704 Yellow or red seals;45;38.6;58;20.25
Bontrager ATB PN Prototype LB/4 "XT class";45;34.25;45;19.75
Bontrager ATB Race X-Lite by Chris King;40;37.6;40;37.6
Bontrager ATB Race X-Lite by Chris King;44;36;53;21.2
Bontrager PN 242146 Race X Lite disc;47;23;40;34.2
Bontrager PN 242146 Race X Lite disc;47;33;47;21.25
Bontrager Power-tap 16H hi/lo proto. Even spacing. Use 1x.;77.8;32.5;63;17
Bontrager Power-tap 16H hi/lo proto. Paired. Calc1.33x, build1x.;78;33;66;20
Bontrager Power-tap 24H hi/lo proto. Paired. Calc1.25x, build1x.;78;32;66;17.5
Bontrager Road 240097,8 proto;29.3;34.9;47;17.25
Bontrager Road PN 220212 Race X-Lite.;47;29.55;47;17.55
Bontrager Road PN 220213 Race Lite. Radial only.;38;33.45;38;33.45
Bontrager Road PN 220271 Race Lite.;47;29.95;47;18.05
Bontrager Road PN 220407 Select;47;30;47;17
Bontrager Road PN 220622 Select;38;34.05;38;34.05
Bontrager Road PN 220969 RXL Aero. Radial only.;38;34.2;38;34.2
Bontrager Road PN 220970 RXL Aero. Use 1.333 cross.;47;33.15;47;19.3
Bontrager Road PN 221088 Race Lite Campy. Use  2.25 cross;47;30.75;47;17.25
Bontrager Road PN 230036 Race Lite Tandem. Use 2.25 cross.;60;29.6;60;24.6
Bontrager Road PN 230037 Race Lite Tandem. Use 2.25 cross.;60;35.45;60;35.45
Bontrager Road PN 230046 Race Lite. Radial only.;38;32.3;38;32.3
Bontrager Road PN 230291 Formula RXL 28H standard spacing;38;34.05;38;34.05
Bontrager Road PN 230416 Power Tap 16H. Use 1x.;77.8;30.02;77.8;17.64
Bontrager Road PN 230849, RXL road;47;30.05;47;18.05
Bontrager Road PN 230850, RXL Aero;38;34.85;38;34.85
Bontrager Road PN 230851 RXL Aero. Use 1.333 cross.;47;33.7;47;19.8
Bontrager Road PN 240001 prototype 122g;33.3;43.05;33.3;43.05
Bontrager Road PN 240036 Team climbing ft hub;39;37.5;39;37.5
Bontrager Road PN 240097 RXXXL from DT;30.56;36.5;47;18.03
Bontrager Road PN 240097,8 proto;29.3;34.9;47;17.25
Bontrager Road PN 240134 Race.;47;30.25;47;17.75
Bontrager Road PN 240134 Race. Converted to 145;47;22.75;47;25.25
Bontrager Road PN 240144 proto;28.8;39.7;28.8;39.7
Bontrager Road PN 240144 RXXXL from DT;29.1;38.07;29.1;38.07
Bontrager Road PN 240441 RXL Aero. Use 1.333 cross.;47;33.7;47;19.5
Bontrager Road PN 240603 Race Lite. Radial or cross ok.;38;34.05;38;34.05
Bontrager Road PN 242220 flangless RXXXL;29.1;38.3;29.1;38.3
Bontrager Road PN 242221 flangless RXXXL - for DS calcs;30.6;37;47;16.75
Bontrager Road PN 242221 flangless RXXXL - for NDS calcs;30.6;37;47;16.75
Bontrager Road PN 244144 tandem low flange by Formula;47;30.8;47;26.8
Bontrager Road PN xxxxxx prototype carbon shell;28.2;38.1;28.2;38.1
Bontrager Road PN xxxxxx prototype carbon shell;30.9;33.8;47;18
Bontrager Track PN 240007;47;33.3;47;33.3
Bontrager Track PN 240008;38;34.05;38;34.05
Brave Monster 48-hole BMX freehub 8/9 cogs shimano-compatible;57.5;25;57.5;21.5
Bullseye ;42.5;36.5;42.5;36.5
Bullseye 126mm 6speed;42.5;38;42.5;21.5
Bullseye 130mm 7speed;42.5;40;42.5;20.5
Bullseye tandem ;53;36.5;53;36.5
Bullseye tandem ;53;26;53;26
Campagnolo 1980's, 90's Chorus, C-Record, Athena low flange;39;34;39;34
Campagnolo 1999+ Athena, Veloce, Mirage;38.5;34.1;38.5;34.1
Campagnolo 1999+ Athena, Veloce, Mirage;44;36.5;44;16.7
Campagnolo 1999+ Avanti;40;33.6;40;33.6
Campagnolo 1999+ Avanti;44;36.5;44;16.7
Campagnolo 8-speed cassette;44.5;36;44.5;17
Campagnolo all 120mm hi-flange models ;67;33;67;24
Campagnolo all 126mm hi-flange models ;67;36;67;21
Campagnolo all hi-flange models;67;34;67;34
Campagnolo Athena, Chorus, Nuovo Record low flange;44;37;44;20
Campagnolo Centaur 8 spd cassette;44.5;35.5;44.5;18
Campagnolo Centaur, Euclid;44.5;36;44.5;20.5
Campagnolo Chorus, Daytona OS;39;35.4;39;35.4
Campagnolo C-Record low flange;44.5;36;44.5;21
Campagnolo Hi-Lo;44;33;67;24
Campagnolo Nuovo Record low flange;38.5;35;38.5;35
Campagnolo Record;44;34;44;25
Campagnolo Record OS;39;35.35;39;35.4
Campagnolo Record, Chorus, Daytona OS;44;36.76;46;16.8
Campagnolo tandem ;65;31.5;65;31.5
Campagnolo tandem cassette;65;28;65;28
Campagnolo track hi-flange C Record ;67;35;67;30
Campagnolo track hi-flange Nuovo Record ;67;44;67;31
Campagnolo track low flange;44;44.5;44;31.5
Cannondale by DT Swiss;43.5;39.9;43.5;14.45
Cannondale by DT Swiss;43.5;37.4;43.5;19.95
Cannondale disc;57;35;45;19.2
Cannondale Lefty disc;58;18.35;45;31.56
Cannondale Moto120;52.6;37.5;52.6;16.6
Chris King BMX;40;34;40;34
Chris King cassette MTB;44;36;53;21
Chris King cassette road;44;38.5;53;18.5
Chris King Classic 140mm;44;33.5;53;23.5
Chris King Classic front narrow;40;34;40;34
Chris King Classic front wide;40;37.5;40;37.5
Chris King Classic mountain;44;36;53;21
Chris King Classic road/cross;44;38.5;53;18.5
Chris King Disc 20mm;57.6;23.1;57.6;31.2
Chris King Disc ISO;57.6;22.5;57.6;30.4
Chris King Disc ISO;57.6;33.9;57.6;20.1
Chris King Disc Single Speed;53;33.7;53;33.7
Chris King Disc Single Speed;53;34.2;53;32
Chris King Disc Universal;53;23;53;31.5
Chris King Disc Universal 135mm;53;34;53;21
Chris King Disc Universal 140mm;53;31.5;53;23.5
Chris King Disc Universal 145mm;53;29;53;26
Chris King MTB;40;37.5;40;37.5
Chris King Rear BMX;44;30;53;27
Chris King Rear DiscGoTech;53;34;53;21
Chris King Rear DiscGoTech;53;31.5;53;23.5
Chris King Rear DiscGoTech;53;31.5;53;23.5
Chris King Road;40;34;40;34
Chris King Single Speed;53;33.7;53;33.7
Chris King Single Speed;53;33.7;53;33.7
Chris King Tandem;53;33.7;53;33.7
Chris King Tandem;53;29;53;26
Chris King Tandem;53;33.7;53;33.7
CODA ;39;37;39;37
Coda 900 disc;58;37;58;20
Coda 901 disc;58;20;44.5;35
Coda disc;52;18;40;38
Coda DT Hugi 98 disc;52.7;36;52.7;19
Coda Expert disc;58;19;45;30
Coda Expert disc;58;35;44.5;20
Coda Expert Non-disc;44.5;31;44.5;31
Coda Expert non-disc;44.5;35.5;44.5;18.5
Coda Expert road;44.5;38.5;44.5;14.5
Coda Moto disc;56;25;62;31
CORBIN DUPLEX coaster brake hub model 8;63.5;31.75;53.98;26.97
Corratec Carbon disc;51;19;39.5;34
Corratec Carbon disc;51;30;42;17
Corratec Jumper;55;35;55;35
Corratec Jumper;55;35;45;20
Danny's 12mm through axle;58;34.5;58;34.5
Decathlon by DT Swiss;36;35;36;35
Decathlon by DT Swiss;45;37.7;45;16.7
Decathlon by DT Swiss;45;35.2;45;19.2
Dengler;38;35;38;35
Dia-Compe Tsali ;39;37.2;39;37.2
DMR Revolver;41;36;41;36
DT Cerit;58;23;52;34.7
DT Cerit disc;58;33.25;52;20
DT Hugi 240;36;34.95;36;34.95
DT Hugi 240;45;37.7;45;16.7
DT Hugi 240;45;35.2;45;19.2
DT Hugi 240 Campy 9,10s;45;29.8;45;16.1
DT Hugi 240 disc;58;22;46;34.8
DT Hugi 240 disc;58;33.5;46;19.2
DT Hugi 240 FR;58;33.5;46.5;19.2
DT Hugi 240 FR 12mm through axle;58.5;25.8;58.5;25.8
DT Hugi 240 FR 12mm through axle;58.5;33.3;58.5;33.3
DT Hugi 240 road;45;29.8;45;16.1
DT Hugi 95;45.5;39.45;45.5;17.95
DT Hugi 95;45.5;37.4;45.5;20.05
DT Hugi 95 MTB;41;35;41;35
DT Hugi 95 road;39;34.5;39;34.5
DT Hugi 98;41;35;41;35
DT Hugi 98;45.5;39.9;45.5;17.55
DT Hugi 98;45.5;37.3;45.5;20.15
DT Hugi 98 Campy 9s;46;33.65;46;16.4
DT Hugi Formula;52.5;16.95;46;35.1
DT Hugi Formula disc;52.5;33.4;46;19.65
DT Hugi FR disc;58;22;52;30.2
DT Hugi FR disc;58;22;52;30.2
DT Hugi Gustav M 98;60;36.3;61;18.95
DT Hugi Gustav M 98;60;33;61;21
DT Hugi Gustav M 98 disc;60;23.65;61;34.85
DT Hugi Gustav M 98 disc DH;60;26.6;61;29.7
DT Hugi Hayes;58;23.1;46;34.4
DT Hugi Hayes DH;58;22.8;58;31.5
DT Hugi Hayes disc;58;33.25;46;19.75
DT Hugi Louise 99;58;39;47;19.65
DT Hugi Louise 99 disc;58;23.9;47;35.6
DT Hugi Magura Disc Gustav M;60;36.3;61;18.95
DT Hugi Magura Disc Louise;58;39;47;19.65
DT Hugi MTB;45;35;45;20.15
DT Hugi road Campagnolo compatible;46;33.65;46;16.4
DT Hugi road Shimano compatible;45;39.9;45;17.55
DT Hugi Sport;41;35;41;35
DT Hugi Sport;45.5;39.45;45.5;17.95
DT Hugi Sport;45.5;37.4;45.5;20.05
DT Hugi Tandem;60;34.5;60;34.5
DT Hugi Tandem Arai;60;34.25;60;19.45
DT Hugi Tandem Arai;60;31.25;60;21.45
DT Hugi Tandem Arai;60;28.75;60;23.95
DT Hugi Tandem disc;60;22.75;61;34.4
DT Hugi Tandem disc;60;31.25;60;21.45
DT Hugi Tandem disc;60;28.75;60;23.95
DT Onyx disc;58;23;48;34.7
DT Onyx disc;58;22.8;58;31.5
DT Onyx disc;58;33.25;47;20
DT Onyx Light;40;34.2;40;34.2
DT Onyx Normal;40;35.35;40;35.35
DT Swiss Onyx;46;32.1;46;17.5
DT Swiss Onyx;46;29.6;46;20
Edco;41;35;41;35
Edco;45;34;45;19
EMAG hub motor;178;20;178;20
Fimoco;42;33;42;33
Formula;48;33;48;21
Formula by DT Swiss;52.5;19.65;46;35.1
Formula by DT Swiss;52.5;33.4;46;19.65
Formula by Edco;51;18;51;34
Formula by Edco;51;32;51;20
Formula DH;45;22;45;33
Formula disc;48;19;48;38
Formula Engineering SP92, road straight pull spokes.;33;38.5;33;38.5
FRM FL-R TEAM CA (road only);35;34.5;35;34.5
FRM FL-R TEAM CA (road only);36;29;42;18
FRM FL-M TEAM (MTB);59;28.3;59;28.3
FRM FL-M TEAM (MTB);59;39.4;59;17.2
FRM FL-M TEAM DISC (MTB);59;22.9;59;33.7
FRM FL-M TEAM DISC (MTB);59;39.4;59;17.2
FRM "Lefty" FL-M TEAM DISC (MTB);59;22.9;59;33.7
FRM FL-R PRO & FL-M PRO (road & MTB);38;34.4;38;34.4
FRM FL-R PRO (road only);38;37.7;45;18.6
FRM FL-M PRO (MTB);38;56.3;45;21.1
FRM FL-M PRO DISC;44;22.8;38;33.7
FRM FL-M PRO DISC;45;33.9;45;20.4
FRM Comp & Pro;34;34.5;34;34.5
FRM Comp & Pro;37.5;34;41;18.5
FRM Comp & Pro;37.5;36.5;41;21
FRM Feather Front;35;34.5;35;34.5
FRM FL Disc Comp & Pro;44;23;38;33.4
FRM FL Disc Comp & Pro;45;34.4;45;21
FRM Team SL Rear;37.5;34;41;18.5
Giant disc;58;19;54;34
Giant disc;58;33;54;20
Gipiemme Special (Campy low flange copy);40.2;35.1;40.2;35.1
Gipiemme Special (Campy low flange copy);44.5;36.8;44.5;20.3
Gipiemme Special (respaced from road to track);44.5;29.5;44.5;27.9
Goldtec Track Hub;66;36;66;36
Goldtec-Ti;45;34;45;18
GT;38;36;38;36
GT;45;35;45;22
Hadley 12mm through axle;60;34;60;20
Hadley Arai;56;30;56;30
Hadley H500 DH;60;22.6;60;31.4
Hadley Santa Cruz 14mm through axle;60;33.5;60;33.5
Hanebrink LT 8 disc;55;17;55;43
Harris Cyclery High-flange track hub;62;34.5;62;34.5
Harris Cyclery High-flange track hub;62;31;62;31
Hayes by EDCO;56;32.5;56;17.5
Hayes Elite disc;58;23;48;34.7
Hayes Elite disc;58;33.25;47;20
Hayes Elite disc DH;58;22.8;58;31.5
Hayes Superlight disc;58;22;46;34.8
Hayes Superlight disc;58;33.5;46;19.2
Hershey Naked ;31.5;32;31.5;32
Hershey Standard Ti ;31.5;34;31.5;34
Hershey Suspension ;44.5;34;44.5;34
Hershey Ti ;36.5;33;48;21
Heylight;33;32;33;32
Heylight;45;33;44;20
Heylight disc;46;24;33;26
Heylight disc;46;39;44;19
Heylight Mini;29;34;29;34
Hi-E cassette Hi-Lo flange, custom narrow spacing;34.7;32.8;54;19
Hope Big'Un;62;20;62;25
Hope Big'Un;62;25;62;20
Hope Bulb;46;21;46;34
Hope Bulb;44;33;50;20
Hope Bulb IS2000;56;21;46.7;33
Hope Bulb IS2000;56;33;49;19
Hope disc;42;22;42;32
Hope disc;42;33;45;20
Hope Fatso ;41;34.5;41;34.5
Hope Sport disc;56;20;45;34
Hope Sport disc;45;33;45;20
Hope Super Ultralight ;25;34;25;34
Hope Suspension ;43;32;43;32
Hope tandem ;65;32.5;65;32.5
Hope tandem ;65;27.5;65;22.5
Hope Tech ;43;32;43;32
Hope Tech, narrower flanges;43;22.5;43;22.5
Hope Tech, Ultralight;34;34;34;34
Hope Ti-Glide disc;43;22;41;32.5
Hope Ti-Glide disc;43;33;44.5;20
Hugi ;45;37.5;45;20
Hugi 240;36;34.95;36;34.95
Hugi Formula Disc;52.5;16.95;46;35.1
Hugi Hayes Disc;58;23.7;46;35.1
Hugi Magura Disc Gustav M;60;23.65;61;34.85
Hugi Magura Disc Gustav M downhill;60;26.6;61;29.7
Hugi Magura Disc Louise;58;23.9;47;35.6
Hugi road ;45;39.5;45;18
Hugi road ;45;37.5;45;20
Hugi tandem;55;37;55;22
Hugi tandem ;41;35;41;35
Hugi tandem ;55;33.5;55;24
Hugi tandem large flange;60;34.5;60;34.5
Hugi TD (tandem) 2001;60;34.5;60;34.5
Hugi TD (tandem) 2001;60;31.25;60;21.45
Hugi TD (tandem) 2001;60;28.75;60;23.95
Hugi TD disc brake (tandem) 2001;60;21.6;61;34.5
Hugi/Union Std.;39;33;39;33
Hugi/Union/Marwi Susp.;41;35;41;35
Inferno disc;5538;21;55.8;33
Inferno disc;55.8;35;55.8;21
Intense 20mm disc;60;24;60;31
IRO High-flange track hub;62;34.5;62;34.5
IRO High-flange track hub;62;31;62;31
IRO Single Speed hub;40;36;40;36
IRO Single Speed hub;53;39;53;39
IRO Single Speed disc brake hub;58;38;58;34
Joytech sealed med flange;44;28.5;44;28.5
Kingsbery low flange ;42.5;34.5;42.5;34.5
Kingsbery low flange 135mm;42.5;34.5;42.5;23.5
Kogswell double fixed mtb/singlespeed rear;52;38.5;52;38.5
Kogswell front;40;36.1;40;36.1
M bits;58.5;30;51;37.25
Machine Tech Hollowcore ;43;33;43;33
Machine Tech Power Claw ;43;34;43;20.5
Magura 1999 Louise disc;62.5;30.4;62.5;20.8
Magura Comp 2000;58;23;48;34.7
Magura Comp 2000;58;33.25;47;20
Magura Comp 2000 DH;58;22.8;58;31.5
Magura Fun;58;23;52;34.7
Magura Fun;58;33.25;52;20
Magura Gustav M 2000;58;23.1;46;34.4
Magura Gustav M 2000;58;33.25;46;19.75
Magura Gustav M 2000 DH;58;22.8;58;31.5
Magura Gustav M 99;60;23.65;61;34.85
Magura Gustav M 99;60;36.3;61;18.95
Magura Gustav M 99 DH;60;26.6;61;29.7
Magura Pro 2000;58;22;46;34.8
Magura Pro 2000;58;33.5;46;19.2
Magura/SRAM louise 99;62;31;62;20
Magura/SRAM Louise 99 disc;62;20;62;30
Maillard Professional High Flange;67.5;35.9;67.5;20.9
Maillard Professional High Flange;67.5;33;67.5;33
Manitou through axle, non-disc;40;40;40;40
Marzocchi QR 20;56;36;56;36
Marzocchi QR 20 disc;58;22;58;31
Marzocchi QR 20+ disc;61;19;61;33
Maverick American hub;58;29.4;50;36.5
Mavic 500, 501, 520, 530, 531, 550, 571, 577;40;27;40;27
Mavic 501 ;44.5;30;44.5;18
Mavic 501 ;44.5;31.5;44.5;16.5
Mavic 506 ;44.5;37;44.5;19
Mavic 520 track low flange;44.5;42.5;44.5;30.5
Mavic 531 MTB ;44.5;29.5;44.5;18.5
Mavic 531 MTB ;44.5;27;44.5;21
Mavic 550;45;37.7;45;19.2
Mavic 570;45;36;45;26
Mavic 571 road ;53;32;53;16.5
Mavic 571, 572 ;53;35;53;19
Mavic 577 MTB ;53;31.5;53;17
Mavic Cosmic Carbone 2001 blk. STRAIGHT SPOKES;27;36;27;36
Mavic MR601;40;34;40;34
Mavic MR601;46;34;48;17.4
Mavic special small TT hub;34;28;34;28
Maxx;32;35;32;35
Miche track;59;45;59;30
Nashbar Fixed-Fixed Flip-Flop front hub NF-GHF;62;34;62;34
Nashbar Fixed-Fixed Flip-Flop rear hub NF-GHR;62;31;62;31
NC 17 disc;60;21.5;60;33.9
NC 17 disc;60;31.7;60;18.2
NC 17 disc DH;60;21.5;60;33.9
Nicolai Nucleon NC 17 95mm 20mm through axle;60;19;60;36
Normandy high flange;63;33.7;63;33.7
Normandy high flange;63;39;63;19
Normandy high flange respaced to 126mm;63;42;63;16
Nuke Proof;31;35.25;31;35.25
Nuke Proof ;32;45;43.1;20
Nuke Proof ;32;43;43.1;22
Nuke Proof ;32;41;43.1;25
Nuke Proof ;32;36.5;32;36.5
Nuke Proof Bombshell cassette ;47;42;47;19.5
Nuke Proof Bombshell cassette ;47;41;47;21
Nuke Proof Bombshell, post '95;47;38;47;38
Nuke Proof Bombshell, pre '95;42.2;34;42.2;34
Nuke Proof XT cassette ;32;45;47.3;20
Nuke Proof XT cassette ;32;43;47.3;22
Nuke Proof XT cassette ;32;40;47.3;25
Nuke Proof XTR cassette ;32;38.5;47.5;20
Nuke Proof XTR cassette ;32;38.5;47.3;21
Nuke Proof, older models;32;33;32;33
On-one 120mm Double Fixed;46;27;46;27
Pace carbon sealed ;44.5;32;44.5;32
Pace carbon sealed ;44.5;38;44.5;22.5
Paul Components ;43;36;43;36
Phil Wood Cassette;55;35;55;22
Phil Wood Cross Country ;57.5;27.8;57.5;27.8
Phil Wood Field Serviceable ;48.5;34.5;48.5;34.5
Phil Wood Field Serviceable ;48.5;37.6;48.5;19.4
Phil Wood Field Serviceable ;48.5;34.9;48.5;22.1
Phil Wood Field Serviceable ;48.5;32.4;48.5;24.6
Phil Wood Field Serviceable ;48.5;39;48.5;18
Phil Wood Hi right hand flange;48.5;38;69;19
Phil Wood Hi right hand flange;48.5;36.6;69;20.4
Phil Wood medium original ;48.5;34.5;48.5;34.5
Phil Wood medium original ;48.5;38;48.5;19
Phil Wood medium original ;48.5;31;48.5;26
Phil Wood Mid ;48.5;38;57.5;19
Phil Wood Mid ;48.5;36;57.5;21
Phil Wood MTB 6speed ;57.5;36.7;48.2;20.3
Phil Wood MTB 6speed ;57.5;34.2;48.2;22.8
Phil Wood MTB 6speed ;57.5;31.7;48.2;25.3
Phil Wood MTB 7speed ;57.5;37.5;48.2;19.5
Phil Wood MTB 7speed ;57.5;35.7;48.2;21.3
Phil Wood MTB 7speed ;57.5;33.2;48.2;23.8
Phil Wood MTB 7speed ;57.5;30.7;48.2;26.3
Phil Wood MTB 8speed ;57.5;39;48.2;18
Phil Wood MTB 8speed ;57.5;38.2;48.2;18.8
Phil Wood MTB 8speed ;58.5;35.7;49.2;21.3
Phil Wood road 5speed ;48.2;34.2;48.2;22.8
Phil Wood road 5speed ;48.2;31.7;48.2;25.3
Phil Wood road 6speed ;48.2;36.7;48.2;20.3
Phil Wood road 6speed ;48.2;34.2;48.2;22.8
Phil Wood road 6speed ;48.2;31.7;48.2;25.3
Phil Wood road 7speed ;48.2;37.2;48.2;19.8
Phil Wood road 7speed ;48.2;35.7;48.2;21.3
Phil Wood road 7speed ;48.2;33.2;48.2;23.8
Phil Wood road 8speed ;48.2;39;48.2;18
Phil Wood road 8speed ;48.2;38.2;48.2;18.8
Phil Wood road 8speed ;48.2;35.7;48.2;21.3
Phil Wood small old ;42.5;35;42.5;35
Phil Wood small old ;42.5;38;48.5;19
Phil Wood small old ;42.5;36;48.5;21
Phil Wood small old ;42.5;33.5;48.5;23.5
Phil Wood Suspension ;57.5;35.3;57.5;35.3
Phil Wood Time Trial ;48.5;37.5;48.5;37.5
Phil Wood track double-sided, small flange;48.2;30;48.2;30
Phil Wood track front, small flange;48.2;34.5;48.2;34.5
Phil Wood track one-sided, small flange;48.5;44;48.5;30
Phil Wood track, large flange;66;43;66;29
Phil Wood wheelchair;41;29.5;41;29.5
Point HR;45;32;45;21
Power-tap;78;36.2;66;16.7
Power-tap ATB;78;30.5;66;19.5
Power-tap SL;70;31.8;70;18
Pulstar 28 hole;41.3;32.5;41.3;32.5
Pulstar 32 hole;47.6;32.5;47.6;32.5
Pulstar 7-spd 32-hole ;47.6;32;47.6;22
Pulstar 7-spd 36-hole;50.8;32;50.8;22
Pulstar 8-spd 32-hole ;47.6;34;47.6;20
Pulstar 8-spd 36-hole;50.8;34;50.8;20
Pure Power;48;35;48;35
Real front;40;34;40;34
Real rear, not for disc brake;37;37;54.5;21
Ringlé 6-spd MTB ;40;41.5;41;22.5
Ringlé 7-spd MTB ;40;38.5;41;25.5
Ringlé 7-spd road ;40;43;41;21
Ringlé 8-spd MTB ;40;39.5;41;20.5
Ringlé 8-spd road ;40;42;41;18
Ringlé Bubba ;40;34;40;34
Ringlé Bubba HR freewheel;40;38.5;41;25.5
Ringlé Super Bubba;45;34;45;22
Ringlé Super Bubba ;42;34;42;34
Ringlé Super Duper Bubba ;46;34;46;34
Ringlé SuperDuper Eight MTB ;52;34;52;21
Ringlé SuperEight MTB ;45;34;45;22
Ringlé SuperEight road ;45;36.5;45;19.5
Ringlé/Sun "Sun of Bubba";38;32;38;32
Ritchey disc Pro Skraxle;58;22;58;35
Ritchey Pro disc;58;35;58;20
Ritchey Z-hub MTB: WCS, Pro, Comp;38;38;38;38
Ritchey Z-hub MTB: WCS, Pro, Comp;45;28.1;45;21.9
Ritchey Z-hub road: Pro;45;28.6;45;21.3
Ritchey Z-hub road: WCS;45;28.5;45;21.5
Ritchey Z-hub road: WCS, Pro;38;36;38;36
Rocky Mountain disc QR20;62;24;62;32
Rohloff Speed Hub 500/14;100;30;100;30
Rolf ATB PN 210246 Urraco disc. Use 2.25 cross.;50;23.25;42;32.25
Rolf ATB PN 210668 Dolomite disc. Use 2.25 cross.;50;23.25;42;32.25
Rolf ATB PN 990034 Propel. Radial, heads out.;42;32.75;42;32.75
Rolf Road PN 200322 Vector Pro. Radial, heads out.;39;32.55;39;32.55
Rolf Road PN 200328 Vector Comp. Use 2.29 cross.;65;34.6;47;17.8
Rolf Road PN 200385 Vector Comp. Radial, heads out.;42;31.25;42;31.25
Rolf Road PN 210948 Vector. Use 2.25 cross.;65;34.58;47;17.75
Rolf Road PN 992473 Vector. Radial, heads out.;38;34.05;38;34.05
Rolf Road Vector Pro. Use 1.333 cross.;65;33;47;17.5
Rolf Track Vector Pro. Use 1.333 cross.;66;39;48;33
Rollex Freecoaster BMX;67;31;67;25
Roox Jim Bob;61;35;61;20
Roox Jim Bob 99 DH;61;25;61;30
Rotwild Schweizer Loop Inter-4;83;28.5;83;25.5
Sachs 3000, 5000, New Success;38.5;28.5;38.5;28.5
Sachs 3-speed coaster ;60;25.5;60;24.5
Sachs 3-speed drum brake ;89;30.5;89;23.5
Sachs 3-speed standard ;58;26.5;58;24
Sachs 3X7 Centera, Quarz ;67;35;67;20
Sachs 3x7 disc/non-disc;67;34;67;20
Sachs 3X7 Original ;67;37;67;18
Sachs 3X7 Traxx ;58;35;58;20
Sachs 7 speed cassette ;45;31.6;45;19.6
Sachs 8 speed cassette ;45;32.6;45;18.6
Sachs HT3020 drum brake ;87;35;87;17
Sachs Inter 12;105;37;131;23
Sachs Orbit Drum 6-speed ;90;36;90;19
Sachs Orbit Drum 7-speed ;90;37.2;90;17.8
Sachs Orbit MTB 7-speed ;67;39;54;18
Sachs Orbit standard 6-speed ;67;38;54;19
Sachs Pentasport coaster ;75;29.5;75;28.5
Sachs Pentasport drum ;90;29.5;90;30.5
Sachs Pentasport Std. ;75;29.6;75;29
Sachs Quartz disc;62;35;62;19
Sachs Quarz, Neos disc brake hubs;62;20;62;30
Sachs Quarz, Neos, Centera ;39;29.6;39;29.6
Sachs Super 7 coaster ;75;35.5;75;33
Sachs Super 7 drum ;75;35.7;75;34.8
Sachs Super 7 standard ;75;34.5;75;34
Sachs threaded ;45;34.1;45;17.1
Sachs threaded ;45;34.6;45;16.6
Sachs Traxx ;39;34;39;34
Sachs VT3000 drum brake ;87;26;87;26
Sachs VT5000 drum brake ;90;30;90;26
Sachs VT5000 drum brake ;90;37;90;19
Sanshin low flange (like Specialized);38;33;38;33
Sanshin low flange (like Specialized);44.5;35.5;44.5;20
Sanshin low flange (like Specialized);44.5;33.5;44.5;22
Sanshin medium flange (like Specialized);43;33;43;33
Sanshin medium flange (like Specialized);46;28;46;22
Sanshin medium flange (like Specialized);46;33;46;18
Schwinn unicycle hub;62.1;37.7;62.1;37.7
Shimano 105  HB-5501;38;38.65;38;38.65
Shimano 105 FH-5500;45;32.5;45;20.5
Shimano 105SC FH-1055 7S;45;37.3;45;20.7
Shimano 105SC HB-1055-F;38;36.3;38;36.3
Shimano 200GS FH-HG20-QR;45;38.2;45;20.2
Shimano 200GS FH-HG20-QR;45;36.2;45;22.2
Shimano 400CX FH-C040;45;36.2;45;22.2
Shimano 400CX HB-C400;38;36.3;38;36.3
Shimano 600 FH-6400 6S;45;35;45;19
Shimano 600 Ultegra FH-6401 7S;45;37.3;45;20.7
Shimano 600 Ultegra FH-6402 8S;45;37.1;45;20.9
Shimano 600 Ultegra HB-6400;38;36.3;38;36.3
Shimano 700CX FH-C070;45;35.3;45;22.7
Shimano 700CX HB-C700;38;36.3;38;36.3
Shimano Acera FH-M290;45;38.1;45;22.5
Shimano Acera FH-M290;45;35.6;45;25
Shimano Acera HB-M290;38;35.8;38;35.8
Shimano Alivio FH-MC18AZ;45;34.5;45;21.5
Shimano Alivio FH-R050;45;38.1;45;22.5
Shimano Alivio FH-R050;45;35.6;45;25
Shimano Altus C90 FH-CT90;45;37.6;45;23
Shimano Altus C90 FH-CT90;45;38.1;45;22.5
Shimano Altus C90 FH-CT90;45;35.6;45;25
Shimano Altus C90 FH-CT90;45;35.6;45;25
Shimano Altus C90 HB-CT90;38;35.8;38;35.8
Shimano Deore DX cassette;45;38.1;45;22.5
Shimano Deore HB-M510;42;34.5;42;34.5
Shimano Deore HB-M530;38;35.8;38;35.8
Shimano Deore LX & STX-RC. FH-R080 ;45;37.9;45;22.7
Shimano Deore LX FH-563;45;37.6;45;23
Shimano Deore LX FH-563;45;35.1;45;25.5
Shimano Deore LX FH-565;45;37.9;45;22.7
Shimano Deore LX FH-570;45;36.8;45;23.2
Shimano Deore LX HB-M563, HB-M564, HB-M570;38;35.8;38;35.8
Shimano Deore XT FH-M737;45;36.8;45;23.2
Shimano Deore XT FH-M756L;61;32;61;18.5
Shimano Deore XT HB-M737, HB-M738;38;35.8;38;35.8
Shimano Deore XT HB-M756L;61;21.1;61;31.7
Shimano Dura-Ace 10spd 7800;44;38;44;22.2
Shimano Dura-Ace 7800;40;38.65;40;38.65
Shimano Dura-Ace FH-7400 6S;44;36.8;44;23.2
Shimano Dura-Ace FH-7400 7S;44;38.15;44;21.85
Shimano Dura-Ace FH-7402, 7403 8S;44;36.9;44;21.1
Shimano Dura-Ace FH-7700 9S;44;36.9;44;21.1
Shimano Dura-Ace low flange, all;38;37;38;37
Shimano Dura-Ace re-spaced to track;44;28.95;44;29
Shimano Dura-Ace track high flange;67;34;67;34
Shimano Dura-Ace track high flange;67;41;67;30
Shimano Dura-Ace track small flange;38;35.8;38;35.77
Shimano Dura-Ace track small flange;44;37.48;44;31.71
Shimano Exage FH-HG40, FH-HG50;45;38.2;45;20.2
Shimano Exage FH-HG40, FH-HG50;45;36.2;45;22.2
Shimano Exage FH-HG40, FH-HG50;45;33.7;45;24.7
Shimano Exage HB-RM50-F, HB-RM50;38;36.3;38;36.3
Shimano FH-RM40-8;45;35.6;45;25
Shimano HB-NX30 hubdynamo;80;28;80;28
Shimano Inter-L hub dynamo ;80;29;80;29
Shimano Nexave;52;25;52;33
Shimano Nexave;45;30;45;21
Shimano Nexus SG-7R45 7SPD INTER-7 ROLLER BRAKE;87;29.23;87;25.38
Shimano Nexus 4S coaster brake SG-4C30;84;31.15;84;23.45
Shimano Nexus 4S roller brake SG-4R31;84;27.7;84;33.55
Shimano Nexus 7S coaster brake SG-7C21;87;29.73;87;24.7
Shimano Nexus 7S roller brake SG-7R40;87;31.15;87;23.45
Shimano Nexus HB-IM40 front, roller brake;52;26;52;33
Shimano Nexus HB-NX70 Disc hubdynamo;80;23.2;80;28.8
Shimano Nexus Inter-8 8-speed internal;92.6;29.3;92.6;24.9
Shimano Nexus Inter-8 8-speed internal SG-8R20;92.6;30.25;92.6;24.85
Shimano Nexus Inter-8 8-speed internal without roller brake locknut;92.6;32.9;92.6;21.3
Shimano Nexus Inter-L HB-NX30 hub dynamo;80;28.5;80;28.5
Shimano Nexus Sport DH-3N70 hub dynamo;74;30;74;30
Shimano Nexus Sport DH-3D70 hub dynamo (disc brake);74;22.3;74;30
Shimano parallax ;38;34.5;38;34.5
Shimano RSX FH-A410;45;37.5;45;20.7
Shimano RSX FH-A410;45;36;45;22.2
Shimano RSX FH-A416;45;35.83;45;18.84
Shimano RSX FH-A416, respaced from 130mm to 135;45;33.33;45;21.34
Shimano RSX HB-A410;38;36.3;38;36.3
Shimano RX100 FH-A550;45;37.3;45;20.7
Shimano RX100 HB-A550-F;38;36.3;38;36.3
Shimano Santé;45;36.8;45;20.2
Shimano Santé ;45;35.5;45;35.5
Shimano STX FH-MC32;45;38.1;45;22.5
Shimano STX FH-MC32;45;35.6;45;25
Shimano STX FH-R050;45;38.1;45;22.5
Shimano STX FH-R050;45;35.6;45;25
Shimano STX HB-MC32;38;35.8;38;35.8
Shimano STX-RC FH-MC33;45;38.1;45;22.5
Shimano STX-RC FH-MC33;45;35.6;45;25
Shimano STX-RC. HB-MC33-S, HB-MC33;38;35.8;38;35.8
Shimano tandem FH-FH08;63;28;63;22
Shimano tandem HB-HF08;63;35;63;35
Shimano Ultegra 9 spd FH-6500;44;38;44;18
Shimano Ultegra DH-2N70 hub dynamo;74;28.5;74;28.5
Shimano Ultegra FH-6500 9S;45;37.1;45;20.9
Shimano Ultegra HB-6500;38;36.3;38;36.3
Shimano Ultegra HB-6500A;38;38.65;38;38.65
Shimano XT Disc;61;22;61;33
Shimano XT Disc;61;34;61;19
Shimano XT Disc FH-M756;45;37;45;24.7
Shimano XT Disc HB-M765;44;26.45;38;37.45
Shimano XT FH-M750;45;34.5;45;21
Shimano XT FH-M760;45;37.55;45;21.75
Shimano XT HB-M751;38;35.5;38;35.5
Shimano XT HB-M753;38;35;38;35
Shimano XT FH-M752;44;37;44;21
Shimano XT HB-M760;38;34.15;38;34.15
Shimano XT-II, DX;38;35.8;38;35.8
Shimano XT-II, DX;45;35.6;45;25
Shimano XTR FH-M950;45;36.8;45;23.2
Shimano XTR FH-M965 Disc;45;35.35;45;23.05
Shimano XTR HB-M950;38;35.8;38;35.8
Shimano XTR HB-M965 Disc;43.4;24.8;38;35.8
Shogun Little Sumo;40;30;40;30
Shogun Zero Carbon;46;33;46;33
SON 20-28" hubdynamo (2000 model) ;70;30;70;30
SON 20-28" hubdynamo-disc brake (2000 model);70;21.5;70;30
Specialized low flange ;38;33;38;33
Specialized low flange ;44.5;35.5;44.5;20
Specialized low flange ;44.5;33.5;44.5;22
Specialized medium flange ;43;33;43;33
Specialized medium flange ;46;28;46;22
Specialized medium flange ;46;33;46;18
Specialized skraxle by DT;36;34.8;36;34.8
Specialized Stout;45;37;45;37
Specialized Y2K by DT;36;34.8;36;34.8
Specialized Y2K by DT;45;37.7;45;16.7
Specialized Y2K by DT;45;35.2;45;19.2
Speed Tec;38;38;54;18
Speed Tec disc;54;20;54;32
Speed Tec disc;54;34;54;18
Spot Single Speed;48;35;48;35
Spot single speed;48;42;48;41
SR sealed bearing;40;34.3;40;34.3
SRAM 2001 non-disc hubs;39;29.6;39;29.6
SRAM 2001 non-disc hubs;45;30.7;45;20.5
SRAM 5 speed hub MH 5205 w/no brake;75;29;75;29
SRAM 5 speed hub MH 5215 w/coaster brake;75;39.5;75;28.5
SRAM 5 speed hub MH 5225 w/drum brake;90;29.5;90;30.5
SRAM 9.0;39;30;39;30
SRAM 9.0SL disc;45;22.95;45;27.75
SRAM 9.0SL, Disc;45;30.7;45;20.5
SRAM Dual Drive 27/24;67;33;67;18
SRAM Dual Drive 27/24 disc brake;67;33;67;18
SRAM Dual Drive 27/24 I-brake;67;33;67;18
SRAM i-Motion 9 Gearhub (with back pedal brake);93.6;26.5;93.6;31.5
SRAM Neos, Centera;45;27.4;45;23.8
SRAM Neos, Centera, Traax;45;29.9;45;21.3
SRAM Plasma, Quartz, Neos, Centera;45;30.4;45;20.8
SRAM Plasma, Quartz, Neos, Centera, Traax;39;29.6;39;29.6
SRAM Power Disc: Plasma, Quartz;62.5;30.4;62.5;20.8
SRAM Power Disc: Quartz;62.5;32.9;62.5;18.3
SRAM Quartz, Neos, Centera;45;32.9;45;18.3
SRAM Sparc;194;27.5;194;27.5
SRAM Spectro 12 speed hub with coaster brake;105;37.9;132;20.7
SRAM Spectro 3 speed hum MH 3115 w/no brake;58;25.5;58;24.5
SRAM Spectro 3 speed hum MH 3125 w/coaster brake;58;25.5;58;24.5
SRAM Spectro 3 speed hum MH 3125 w/drum brake;89;32.5;89;25.5
SRAM Spectro 3x7: 3s hub with 7s cassette;67;35;67;20
SRAM Spectro 7 speed hub MH 7205 w/no brake;75;34.5;75;34
SRAM Spectro 7 speed hub MH 7215 w/coaster brake;75;34;75;33
SRAM Spectro 7 speed hub MH 7225 w/drum brake;90;35.7;90;34.8
SRAM Traax;45;30.8;45;20.4
Sturmey-Archer 3 spd ;65;27;65;27
Sturmey-Archer dyno ;102.5;27;42.5;27
Sturmey-Archer dyno ;101;40;65;25.5
Sturmey-Archer Elite ST drum ;90;41.5;90;18.5
Sturmey-Archer hi brake ;90;27;90;27
Sturmey-Archer hi brake ;82;40;82;20
Sunn by DT Swiss;45;37.15;45;19.7
Sun-Ringlé 439/439 Lite;52;34;52;21
Sun-Ringlé ABBAH / Lawwill DH (12mm thru axle);54.5;35.5;54.5;20.5
Sun-Ringlé ABBAH S.O.S. DH (20mm thru axle);59.5;24.5;54.5;35.5
Sun-Ringlé ABBAH S.O.S. XC;59.5;34.5;59.5;21
Sun-Ringlé ABBAH S.O.S. XC (9mm axle ends);59.5;21;45.5;35
Sun-Ringlé Atilla the Hub;51;32.1;51;32.1
Sun-Ringlé Attila the hub (BMX);51;37.1;51;30.2
Sun-Ringlé SuperDuper Bubba ;46;34;46;34
Suntour 7 spd 135mm cass ;44.5;32;44.5;22
Suntour GPX;39;33;39;33
Suntour high flange track ;67;33;67;33
Suntour high flange track ;67;36;67;30
Suntour low flange ;44.5;35.5;44.5;20
Suntour low flange ;44.5;31.5;44.5;24
Suntour micro drive 7 spd ;44.5;31;44.5;20.5
Suntour micro drive 8 spd ;44.5;33.5;44.5;21.5
Suntour Microlight;36;34;36;34
Suntour Sprint;39;33;39;33
Suntour Sprint low flange;44;36;44;19
Suntour Superbe low flange;44.5;36;44.5;19
Suntour Superbe Pro;39;33;39;33
Suntour Superbe Pro cassette;44.5;37;44.5;17
Suntour XC-9000;39;33;39;33
Suntour XC-9000, XCD6000, XCD9000;45;34;45;21
Suntour XCD-6000;36;33;36;33
Surly "New" disc;58;22.5;58;32
Surly "New" disc;58;34;58;38.5
Surly "New" single speed MTB hub;54;38.4;54;38.4
Surly "New" track hub;54;32.2;54;32.2
Surly "New" track hub;54;30.1;54;30.1
Surly 1x1;43;33;43;33
Surly 1x1 single speed;43;39;43;39
Suzue front high flange;62;31;62;31
Suzue Sil-SP;62.5;31.3;62.5;31.3
Suzue Sil-SP;62.5;27.3;62.5;27.3
Suzue Tandem;63;27;63;27
Suzue unicycle hub;63.9;30.55;63.9;30.55
Syncros disc brake ;59.8;22.1;39.8;34.3
Syncros Hardcore;39.8;34.3;39.8;34.3
TNT 8-speed ;32;35;45;18
TNT 8-speed ;32;35;45;22
TNT standard;32;37.5;32;37.5
TNT suspension;42;39;42;39
TNT suspension 8-speed ;45;33;45;19
Tomo;41;35;41;35
TruVative Disc Sealex SL FH-DISCX-SL-00;61;23.6;45;31.9
TruVative Sealex SL Disc RH-DISCX-SL-00;61;34.1;61;19.2
TruVative Sealex SL FH-SEAL-SL-00;38;34;38;34
TruVative Sealex SL RH-SEAL-SL-00;45;32;61;19.5
TruVative Sealex XR FH-SEAL-XR-00;38;34;38;34
TruVative Sealex XR RH-SEAL-XR-00;45;32;61;19.5
Tune King disc 2000;56;22;56;35
Tune King disc 99 DH;56;19;56;34
Tune King Gustav M 99;59;20;59;31
Tune King Gustav M 99;59;31;59;20
Tune King Louise 99;56;24;56;35
Tune King MK disc 99 DH;55.5;25;55.5;34
Tune Kong disc;56;36;56;20
Tune Kong Louise 99;56;31;56;20
Tune MAG180/200/215  183,205,225gr;41;39;54;17
Tune MAG180/200/215  183,205,225gr;41;37;54;20
Tune MIG 66 74gr;35.6;34;35.6;34
Tune MIG 75;36;36;36;36
Tune Power Tap Prologue;78;36.2;66;16.7
Tune SandWitch;51.6;42;51.6;42
Ultimate Machine Co. road;32;34;32;34
Ultimate Machine Co., small left flange;32;34;43.5;21
Ultimate Machine Co., two equal flange diameters;43.5;34;43.5;21
Union/Marwi WingIII;81;28;81;28
Wheelring wheelchair;44;32;44;32
Wheelsmith Bullet ;38;40;38;40
Wheelsmith Bullet cass. ;44;35;44;20
White Industries cassette;54;34.3;54;20.1
White Industries LTA cassette;37;36;54.5;18.72
White Industries cassette;54;34.5;54;21.5
White Industries disc;74;21;74;32
White Industries ENO eccentric flip-flop;48;32;48;32
White Industries Hayes disc;67;36;67;21
White Industries Hayes disc DH;75;22;75;35
White Industries road;34;38;34;38
White Industries Ti ;34;35.5;34;35.5
White Industries Ti ;54;29.5;54;24.5
White Industries Ti ;54;37;54;19
White Industries Ti ;54;27;54;27
White Industries Ti ;54;32;54;22
White Industries Ti ;54;36;54;18
White Industries Ti ;54;29;54;25
White Industries Ti ;54;34;54;20
White Industries Tracker ;40;35.5;40;35.5
Wilderness Trails;59;27;59;27
Wilderness Trails;59;24.5;59;29.5
Wilderness Trails classic narrow ;47;36;47;36
Wilderness Trails classic standard ;47;39;47;39
Wilderness Trails classic wide ;47;45;47;45
Wilderness Trails Momentum ;40;34.5;40;34.5
Wilderness Trails New Paradigm large flange;45;39;45;39
Wilderness Trails New Paradigm small flange;42.5;39;42.5;39
Winners lo flange ;36;35;36;35
Winners low flange ;41.5;36;41.5;20.5
Woodman Bill LFY for Cannondale Lefty fork;58;16;58;35
WTB classic WTB 7 ;59;30;59;25
WTB classic WTB 7 ;59;28;59;27
WTB classic WTB 8 ;59;31.5;59;23.5
WTB classic WTB 8 ;59;27.5;59;27.5
WTB New Paradigm 7-speed cassette ;45;31;45;25
WTB New Paradigm 7-speed cassette ;45;38.5;45;27.5
WTB New Paradigm 8-speed cassette ;45;33;45;23
WTB New Paradigm 8-speed cassette ;45;35;45;21
Xero Lite 16H;44;35.3;37;19.1
XS BMX;38;35;38;35
XS BMX;45;27;45;27
XS BMX high flange;63;33;63;33
XS BMX high flange;63;29;63;29
Zipp ;43;35;43;20
Zipp 100;43;36;43;36
Zipp 217;43;37;43;20
